id;code;name;full_name;closed;branch_id;address;win_count;qms_server_id;deperatment_id;office_type_id;parent_id;key_mfc;calendar;damask_office_id
159;069;Отдел в г. Шелехове;Отдел по обслуживанию заявителей в г. Шелехове;0;12;Иркутская область, Шелехов город, 1-й квартал, д.10;12;12;5;1;159;shl       ;91802555;39
1003;040;Отдел в г. Иркутске № 1 (Трактовая);Отдел по обслуживанию заявителей в г. Иркутске № 1;0;1;Иркутская область, Иркутск город, Трактовая улица, д.35;30;1;1;1;1003;irk1      ;91802555;8
332483;024;Отдел в г. Байкальске;Отдел по обслуживанию заявителей в г. Байкальске;0;13;Иркутская область, Слюдянский район, Байкальск город, Южный микрорайон, 1-й квартал, д.26;6;13;5;1;332483;bkl       ;91793376;40
371402;026;Отдел в с. Баяндай;Отдел по обслуживанию заявителей в с. Баяндай;0;15;Иркутская область, Баяндаевский район, Баяндай село, Некунде улица, д.131;3;15;6;1;371402;bnd       ;91793376;60
869529;064;Отдел в п. Усть-Ордынский;Отдел по обслуживанию заявителей в п. Усть-Ордынский;0;16;Иркутская область, Эхирит-Булагатский район, Усть-Ордынский поселок, Ленина улица, д.8;7;16;6;1;869529;urd       ;91793376;57
887713;999;Офис в с. Урик (Иркутск № 1);Офис в с. Урик (Отдел по обслуживанию заявителей в г. Иркутске 1);0;;Иркутская область, Иркутский район, Урик село, Ленина улица, д.1;2;;;2;1003;;91802555;
887745;998;Офис в д. Ширяева (Хомутово);Офис в д. Ширяева (Отдел по обслуживанию заявителей в с. Хомутово);0;;Иркутская область, Иркутский район, Ширяева деревня, Специалистов улица, д.1;1;;;2;2242649;;91802555;
887762;997;Офис в д. Ревякина (Хомутово);Офис в д. Ревякина (Отдел по обслуживанию заявителей в с. Хомутово);0;;Иркутская область, Иркутский район, Ревякина деревня, Школьный переулок, д.3;1;;;2;2242649;;91802555;
887795;996;Офис в д. Сосновый Бор (Хомутово);Офис в д. Сосновый Бор (Отдел по обслуживанию заявителей в с. Хомутово);0;;Иркутская область, Иркутский район, Сосновый Бор деревня, Урожайная улица, д.14;1;;;2;2242649;;91802555;
888022;995;Офис в с. Никольск (Хомутово);Офис в с. Никольск (Отдел по обслуживанию заявителей в с. Хомутово);0;;Иркутская область, Иркутский район, Никольск село, Черемуховая улица, д.1а;1;;;2;2242649;;91802555;
888097;994;Офис в д. Карлук (Иркутск № 1);Офис в д. Карлук (Отдел по обслуживанию заявителей в г. Иркутске 1);0;;Иркутская область, Иркутский район, Карлук деревня, Гагарина улица, д.4Б;1;;;2;1003;;91802555;
1015667;030;Отдел в г. Братске № 1 (Ленина);Отдел по обслуживанию заявителей в г. Братске №1;0;5;Иркутская область, Братск город, Центральный жилой район, Ленина проспект, д.37;11;5;3;1;1015667;brt1      ;91802555;47
1023229;056;Отдел в г. Саянске;Отдел по обслуживанию заявителей в г. Саянске;0;10;Иркутская область, Саянск город, Строителей микрорайон, д.26;9;10;4;1;1023229;snk       ;91802555;32
1157748;993;Офис в с. Оёк (Хомутово);Офис в с. Оёк (Отдел по обслуживанию заявителей в с. Хомутово);0;;Иркутская область, Иркутский район, Оек село, Кирова улица, д.91Д;2;;;2;2242649;;91802555;
1157935;992;Офис в c. Пивовариха (Иркутск № 4);Офис в с. Пивовариха (Отдел по обслуживанию заявителей в г. Иркутске 4);0;;Иркутская область, Иркутский район, Пивовариха село, Дачная улица, д.8;2;;;2;1956244;;91802555;
1198887;901;Офис в c. Баклаши (Шелехов);Офис в с. Баклаши (Отдел по обслуживанию заявителей в г. Шелехове) ;0;;Иркутская область, Шелеховский район, Баклаши село, Ангарская улица, д.44;1;;;2;159;;91802555;
1198907;902;Офис в д. Олха (Шелехов);Офис в д. Олха (Отдел по обслуживанию заявителей в г. Шелехове);0;;Иркутская область, Шелеховский район, Олха деревня, Советская улица, д.21Б;1;;;2;159;;91802555;
1246689;022;Отдел в г. Ангарске № 1 (84 кв-л);Отдел по обслуживанию заявителей в г. Ангарске №1;0;7;Иркутская область, Ангарск город, 84-й квартал, д.16;38;7;2;1;1246689;ang1      ;91802555;21
1306291;903;Офис в рп. Большой луг (Шелехов);Офис в р.п. Большой Луг (Отдел по обслуживанию заявителей в г. Шелехове);0;;Иркутская область, Шелеховский район, Большой Луг рабочий поселок, Степная улица, д.2А;1;;;2;159;;91802555;
1354370;037;Отдел в р.п. Залари;Отдел по обслуживанию заявителей в р.п. Залари;0;11;Иркутская область, Заларинский район, Залари рабочий поселок, Гагарина улица, д.4;5;11;4;1;1354370;zal       ;91793376;31
1387174;991;Офис в с. Максимовщина (Иркутск № 1);Офис в с. Максимовщина (Отдел по обслуживанию заявителей в г. Иркутске 1);0;;Иркутская область, Иркутский район, Максимовщина село, Сибирская улица, д.16а;1;;;2;1003;;91802555;
1387533;990;Офис в с. Горохово (Хомутово);Офис в с. Горохово (Отдел по обслуживанию заявителей в с. Хомутово);0;;Иркутская область, Иркутский район, Горохово село, Школьная улица, д.15;1;;;2;2242649;;91802555;
1387692;989;Офис в п. Дзержинск (Иркутск № 4);Офис в п. Дзержинск (Отдел по обслуживанию заявителей в г. Иркутске 4);0;;Иркутская область, Иркутский район, Дзержинск поселок, Центральная улица, д.1А;1;;;2;1956244;;91802555;
1443690;988;Офис в р.п. Большая Речка (Иркутск № 4);Офис в р.п. Большая Речка (Отдел по обслуживанию заявителей в г. Иркутске 4);0;;Иркутская область, Иркутский район, Большая Речка рабочий поселок, Труда улица, д.28;1;;;2;1956244;;91802555;
1443748;987;Офис в рп. Листвянка (Иркутск №4);Офис в р.п. Листвянка (Отдел по обслуживанию заявителей в г. Иркутске 4);0;;Иркутская область, Иркутский район, Листвянка рабочий поселок, Горького улица, д.89;1;;;2;1956244;;91802555;
1443785;986;Офис в с. Малое Голоустное (Иркутск № 4);Офис в с. Малое Голоустное (Отдел по обслуживанию заявителей в г. Иркутске 4);0;;Иркутская область, Иркутский район, Малое Голоустное село, Мира улица, д.25А;1;;;2;1956244;;91802555;
1661925;070;Отдел в г. Иркутске № 2 (Байкальская);Отдел по обслуживанию заявителей в г. Иркутске № 2;0;2;Иркутская область, Иркутск город, Байкальская улица, д.340/1;15;2;1;1;1661925;irk2      ;91802555;13
1667280;042;Отдел в г. Иркутске № 3 (Клары Цеткин);Отдел по обслуживанию заявителей в г. Иркутске № 3;0;3;Иркутская область, Иркутск город, Клары Цеткин улица, д.12/1;14;3;1;1;1667280;irk3      ;91802555;14
1779977;262;Офис в с. Хогот (Баяндай);Офис в с. Хогот (Отдел по обслуживанию заявителей в с. Баяндай);0;;Иркутская область, Баяндаевский район, Хогот село, Трактовая улица, д.65;1;;;2;371402;;91793376;
1780663;261;Офис в д. Загатуй (Баяндай);Офис в д. Загатуй (Отдел по обслуживанию заявителей в с. Баяндай);0;;Иркутская область, Баяндаевский район, Загатуй деревня, 1-й микрорайон, д.41;1;;;2;371402;;91793376;
1784613;641;Офис в с. Гаханы (Усть-Ордынский);Офис в с. Гаханы (Отдел по обслуживанию заявителей в п. Усть-Ордынский);0;;Иркутская область, Эхирит-Булагатский район, Гаханы село, Гагарина улица, д.6;1;;;2;869529;;91793376;
1784668;642;Офис в д. Нижняя Идыга (Усть-Ордынский);Офис в д. Нижняя Идыга (Отдел по обслуживанию заявителей в п. Усть-Ордынский);1;;Эхирит - Булагатский район, д. Нижняя Идыга, ул. Шабагановская, д. 2;1;;;2;869529;;2;
1784720;643;Офис в п. Свердлово (Усть-Ордынский);Офис в п. Свердлово (Отдел по обслуживанию заявителей в п. Усть-Ордынский);0;;Иркутская область, Эхирит-Булагатский район, Свердлово поселок, Советская улица, д.19;1;;;2;869529;;91793376;
1784781;644;Офис в с. Тугутуй (Усть-Ордынский);Офис в с. Тугутуй (Отдел по обслуживанию заявителей в п. Усть-Ордынский);0;;Иркутская область, Эхирит-Булагатский район, Тугутуй село, Степная улица, д.23;1;;;2;869529;;91793376;
1786132;031;Отдел в г. Братске № 2 (Баркова);Отдел по обслуживанию заявителей в г. Братске №2;0;6;Иркутская область, Братск город, Центральный жилой район, Баркова улица, д.43;19;6;3;1;1786132;brt2      ;91802555;48
1788219;985;Офис в с. Смоленщина (Иркутск № 7);Офис в с. Смоленщина (Отдел по обслуживанию заявителей в г. Иркутске 7);0;;Иркутская область, Иркутский район, Смоленщина село, Трудовая улица, д.12;1;;;2;14857798;;91802555;
1788235;062;Отдел в г. Усть-Илимске;Отдел по обслуживанию заявителей в г. Усть-Илимске;0;9;Иркутская область, Усть-Илимск город, Мира проспект, д.9;17;9;3;1;1788235;uil       ;91802555;52
1789109;984;Офис в д. Усть-Куда (Хомутово);Офис в д. Усть-Куда (Отдел по обслуживанию заявителей в с. Хомутово);0;;Иркутская область, Иркутский район, Усть-Куда деревня, Геологическая улица, д.4;1;;;2;2242649;;91802555;
1956244;041;Отдел в г. Иркутске № 4 (Дек. Событий);Отдел по обслуживанию заявителей в г. Иркутске № 4;0;4;Иркутская область, Иркутск город, Декабрьских Событий улица, д.117;26;4;1;1;1956244;irk4      ;91802555;7
1956423;058;Отдел в г. Слюдянке;Отдел по обслуживанию заявителей в г. Слюдянке;0;14;Иркутская область, Слюдянский район, Слюдянка город, Магистральная улица, д.2;6;14;5;1;1956423;sld       ;91793376;41
1956626;049;Отдел в р.п. Мама;Отдел по обслуживанию заявителей в р.п. Мама;0;29;Иркутская область, Мамско-Чуйский район, Мама поселок городского типа, Октябрьская улица, д.23;3;21;5;1;1956626;mam       ;91793376;42
1956656;023;Отдел в г. Ангарске № 2 (Ворошилова);Отдел по обслуживанию заявителей в г.Ангарске №2;0;8;Иркутская область, Ангарск город, Ворошилова улица, д.65;13;8;2;1;1956656;ang2      ;91802555;22
2242328;221;Офис в п. Мегет (Ангарск №1);Офис в п. Мегет (Отдел по обслуживанию заявителей в г. Ангарск 1);0;;Иркутская область, Ангарский район, Мегет поселок, 1-й квартал, д.7;2;;;2;1246689;;91802555;
2242369;222;Офис в мкр. Китой (Ангарск № 2);Государственное автономное учреждение «Иркутский областной многофункциональный центр предоставления государственных и муниципальных услуг»;1;;Иркутская обл;1;;;2;1956656;;2;
2242402;311;Офис в п. Прибрежный (Братск № 2);Офис в п. Прибрежный (Отдел по обслуживанию заявителей в г. Братске № 2);0;;Иркутская область, Братский район, Прибрежный поселок, Школьный переулок, д.9;1;;;2;1786132;;91802555;
2242416;371;Офис в с. Троицк (Залари);Офис в с. Троицк (Отдел по обслуживанию заявителей в р.п. Залари);0;;Иркутская область, Заларинский район, Троицк село, Молодежная улица, д.4А;1;;;2;1354370;;91793376;
2242446;372;Офис в с. Бажир (Залари);Офис в с. Бажир (Отдел по обслуживанию заявителей в р.п. Залари);0;;Иркутская область, Заларинский район, Бажир село, Юбилейная улица, д.14;1;;;2;1354370;;91793376;
2242475;373;Офис в с. Моисеевка (Залари);Офис в с. Моисеевка (Отдел по обслуживанию заявителей вр. п. Залари);0;;Иркутская область, Заларинский район, Моисеевка село, Школьная улица, д.2А;1;;;2;1354370;;91793376;
2242533;374;Офис в р.п. Тыреть 1 ая (Залари);Офис в р.п. Тыреть 1 ая (Отдел по обслуживанию заявителей в р.п. Залари);0;;Иркутская область, Заларинский район, Тыреть 1-я рабочий поселок, Солерудник микрорайон, д.9;1;;;2;1354370;;91793376;
2242590;561;Офис в с. Кимильтей (Саянск);Офис в с. Кимильтей (Отдел по обслуживанию заявителей в г. Саянске);0;;Иркутская область, Зиминский район, Кимильтей село, Чкалова улица, д.70А;1;;;2;1023229;;91802555;
2242649;983;Отдел в с. Хомутово;Отдел по обслуживанию заявителей в с. Хомутово;0;28;Иркутская область, Иркутский район, Хомутово село, Колхозная улица, д.135;8;20;1;1;2242649;hom       ;91802555;18
2242728;312;Офис в с. Калтук (Братск № 2);Офис в с. Калтук (Отдел по обслуживанию заявителей в г. Братске № 2);0;;Иркутская область, Братский район, Калтук село, Ленина улица, д.39Б;1;;;2;1786132;;91802555;
4264394;691;Офис в р.п. Култук (Слюдянка);Офис в р.п. Култук (Отдел по обслуживанию заявителей в г. Слюдянке);0;;Иркутская область, Слюдянский район, Култук рабочий поселок, Безымянный переулок, д.2;1;;;2;1956423;;91793376;
4329591;313;Офис в п. Турма (Братск № 2);Офис в п. Турма (Отдел по обслуживанию заявителей в г. Братске № 2);0;;Иркутская область, Братский район, Турма поселок, Строительная улица, д.12;1;;;2;1786132;;91802555;
4329660;314;Офис в с. Покосное (Братск № 2);Офис в с. Покосное (Отдел по обслуживанию заявителей в г. Братске № 2);0;;Иркутская область, Братский район, Покосное село, Сибирская улица, д.16;1;;;2;1786132;;91802555;
4329778;315;Офис в с. Тангуй (Братск № 2);Офис в с. Тангуй (Отдел по обслуживанию заявителей в г. Братске № 2);0;;Иркутская область, Братский район, Тангуй село, Мира улица, д.20;1;;;2;1786132;;91802555;
4329992;562;Офис в с. Самара (Зима);Офис в с. Самара (Отдел по обслуживанию заявителей в г. Зиме);1;;Зиминский район, с. Самара, ул. Черемушки, д. 2;1;;;2;10258816;;2;
4330202;563;Офис в с. Батама (Зима);Офис в с. Батама (Отдел по обслуживанию заявителей в г. Зиме);0;;Иркутская область, Зиминский район, Батама село, Ленина улица, д.40;1;;;2;10258816;;91802555;
4330288;564;Офис в п. Центральный Хазан (Зима);Офис в п. Центральный Хазан (Отдел по обслуживанию заявителей в г. Зиме);0;;Иркутская область, Зиминский район, Центральный Хазан поселок, Мира улица, д.57;1;;;2;10258816;;91802555;
4396466;067;Отдел в г. Черемхово;Отдел по обслуживанию заявителей в г. Черемхово;0;25;Иркутская область, Черемхово город, Некрасова улица, д.17;14;17;2;1;4396466;chr       ;91802555;24
4898619;231;Офис в c. Одинск (Ангарск №2);Офис в с. Одинск (Отдел по обслуживанию заявителей в г. Ангарск 2);0;;Иркутская область, Ангарский район, Одинск село, Победы улица, д.7;1;;;2;1956656;;91802555;
4900084;224;Офис в с. Савватеевка (Ангарск №1);Офис в с. Савватеевка (Отдел по обслуживанию заявителей в г. Ангарск 1);0;;Иркутская область, Ангарский район, Савватеевка село, Школьная улица, д.48;1;;;2;1246689;;91802555;
6559747;000;_ТестовыЙ ОтделЪ;Тестовый отдел;0;;Иркутская область, Иркутск город, Пискунова улица, д.160;;;;2;6559747;;91802555;
6664316;029;Отдел в п. Бохан;Отдел по обслуживанию заявителей в п. Бохан;0;27;Иркутская область, Боханский район, Бохан поселок, Колхозная улица, д.7;5;19;6;1;6664316;boh       ;91793376;58
7082014;621;Офис в п. Седаново (Усть-Илимск);Офис в п. Седаново (Отдел по обслуживанию заявителей в г. Усть-Илимске);0;;Иркутская область, Усть-Илимский район, Седаново поселок, Кирова улица, д.33;1;;;2;1788235;;91802555;
7082322;622;Офис в п. Эдучанка (Усть-Илимск);Офис в п. Эдучанка (Отдел по обслуживанию заявителей в г. Усть-Илимске);0;;Иркутская область, Усть-Илимский район, Эдучанка поселок, Ермака улица, д.4;1;;;2;1788235;;91802555;
7108459;072;Отдел в г. Иркутске № 5 (Юбилейный);Отдел по обслуживанию заявителей в г. Иркутске № 5;0;26;Иркутская область, Иркутск город, Юбилейный микрорайон, д.19/1;16;18;1;1;7108459;irk5      ;91802555;9
7180579;623;Офис в п. Невон (Усть-Илимск);Офис в п. Невон (Отдел по обслуживанию заявителей в г. Усть-Илимске);0;;Иркутская область, Усть-Илимский район, Невон поселок, Кеульская улица, д.9;1;;;2;1788235;;91802555;
7180836;624;Офис в р.п. Железнодорожный (Усть-Илимск);Офис в р.п. Железнодорожный (Отдел по обслуживанию заявителей в г. Усть-Илимске);0;;Иркутская область, Усть-Илимский район, Железнодорожный рабочий поселок, улица Ленина, д.29;2;;;2;1788235;;91802555;
7181058;625;Офис в п. Тубинский (Усть-Илимск);Офис в п. Тубинский (Отдел по обслуживанию заявителей в г. Усть-Илимске);0;;Иркутская область, Усть-Илимский район, Тубинский поселок, Таежная улица, д.5;1;;;2;1788235;;91802555;
7251291;232;Офис ЦРБ 1 (Ангарск 2);Офис в ЦРБ № 1;1;;г. Ангарск, ул. Чайковского, д. 24;0;;;2;1956656;;2;
8140960;421;Офис ЦРБ 2 (Иркутск № 4);Офис в ЦРБ № 2;1;;г. Иркутск, пр-т Большой Литейный, 3;1;;;2;1956244;;2;
8256204;291;Офис в с. Хохорск (Бохан);Офис в с. Хохорск (Отдел по обслуживанию заявителей в п. Бохан);0;;Иркутская область, Боханский район, Хохорск село, Ленина улица, д.44;1;;;2;6664316;;91793376;
8256460;292;Офис в с. Тихоновка (Бохан);Офис в с. Тихоновка (Отдел по обслуживанию заявителей в п. Бохан);0;;Иркутская область, Боханский район, Тихоновка село, Ленина улица, д.13;1;;;2;6664316;;91793376;
8256549;293;Офис в с. Каменка (Бохан);Офис в с. Каменка (Отдел по обслуживанию заявителей в п. Бохан);0;;Иркутская область, Боханский район, Каменка село, Школьная улица, д.8;1;;;2;6664316;;91793376;
8256613;294;Офис в с. Олонки (Бохан);Офис в с. Олонки (Отдел по обслуживанию заявителей в п. Бохан);0;;Иркутская область, Боханский район, Олонки село, Калинина улица, д.5;1;;;2;6664316;;91793376;
8256710;295;Офис в с. Казачье (Бохан);Офис в с. Казачье (Отдел по обслуживанию заявителей в п. Бохан);0;;Иркутская область, Боханский район, Казачье село, Мира улица, д.10;1;;;2;6664316;;91793376;
8256943;316;Офис в с. Большеокинское (Братск 2);Офис в с. Большеокинское (Отдел по обслуживанию заявителей в г. Братске № 2);0;;Иркутская область, Братский район, Большеокинское село, Мира улица, д.40А;1;;;2;1786132;;91802555;
8257163;317;Офис в с. Ключи-Булак (Братск 2);Офис в с. Ключи-Булак (Отдел по обслуживанию заявителей в г. Братске № 2);0;;Иркутская область, Братский район, Ключи-Булак село, Ленина улица, д.1;1;;;2;1786132;;91802555;
8257230;318;Офис в с. Кобляково (Братск 2);Офис в с. Кобляково (Отдел по обслуживанию заявителей в г. Братске № 2);0;;Иркутская область, Братский район, Кобляково село, Наймушина улица, д.12;1;;;2;1786132;;91802555;
8257322;319;Офис в п. Кежемский (Братск 2);Офис в п. Кежемский (Отдел по обслуживанию заявителей в г. Братске № 2);0;;Иркутская область, Братский район, Кежемский поселок, Первомайская улица, д.6;1;;;2;1786132;;91802555;
8258922;671;Офис в с. Бельск (Черемхово);Офис в с. Бельск  (Отдел по обслуживанию заявителей в г. Черемхово);0;;Иркутская область, Черемховский район, Бельск село, Иванова улица, д.56;1;;;2;4396466;;91802555;
8258991;672;Офис в р.п. Михайловка (Черемхово);Офис в р.п. Михайловка (Отдел по обслуживанию заявителей в г. Черемхово);0;;Иркутская область, Черемховский район, р.п. Михайловка,  квартал 1, д. № 5, стр. 1;2;;;2;4396466;;91802555;
8259070;673;Офис в с. Нижняя Иреть (Черемхово);Офис в с. Нижняя Иреть (Отдел по обслуживанию заявителей в г. Черемхово);0;;Иркутская область, Черемховский район, Нижняя Иреть село, Советская улица, д.37А;1;;;2;4396466;;91802555;
8259157;674;Офис в с. Парфеново (Черемхово);Офис в с. Парфеново (Отдел по обслуживанию заявителей в г. Черемхово);0;;Иркутская область, Черемховский район, Парфеново село, Мира улица, д.25;1;;;2;4396466;;91802555;
8259235;675;Офис в с. Рысево (Черемхово);Офис в с. Рысево (Отдел по обслуживанию заявителей в г. Черемхово);0;;Иркутская область, Черемховский район, Рысево село, Российская улица, д.5;1;;;2;4396466;;91802555;
8259345;676;Офис в с. Новогромово (Черемхово);Офис в с. Новогромово (Отдел по обслуживанию заявителей в г. Черемхово);0;;Иркутская область, Черемховский район, Новогромово село, Советская улица, д.15-1;1;;;2;4396466;;91802555;
8433794;061;Отдел в г. Усолье-Сибирское;Отдел по обслуживанию заявителей в г. Усолье-Сибирское;0;30;Иркутская область, Усолье-Сибирское город, Ленинский проспект, д.11/1;21;22;2;1;8433794;usl       ;91802555;23
8951175;677;Офис в с. Алехино (Черемхово);Офис в с. Алехино (Отдел по обслуживанию заявителей в г. Черемхово);0;;Иркутская область, Черемховский район, Алехино село, Полевая улица, д.4;1;;;2;4396466;;91802555;
8951942;678;Офис в с. Голуметь (Черемхово);Офис в с. Голуметь (Отдел по обслуживанию заявителей в г. Черемхово);0;;Иркутская область, Черемховский район, Голуметь село, Калинина улица, д.10;1;;;2;4396466;;91802555;
8952540;679;Офис в с. Лохово (Черемхово);Офис в с. Лохово (Черемхово);1;;Иркутская обл.;1;;;2;4396466;;2;
8954497;680;Офис в с. Зерновое (Черемхово);Офис в с. Зерновое (Отдел по обслуживанию заявителей в г. Черемхово);0;;Иркутская область, Черемховский район, Зерновое село, Иркутская улица, д.10;1;;;2;4396466;;91802555;
9218492;401;Офис в п. Молодёжный (Иркутск № 2);Офис в п. Молодёжный (Отдел по обслуживанию заявителей в г. Иркутске 2);0;;Иркутская область, Иркутский район, Молодежный поселок, д.7;2;;;2;1661925;;91802555;
9220110;402;Офис в р.п. Маркова (Иркутск № 5);Офис в р.п. Маркова (Отдел по обслуживанию заявителей в г. Иркутске 5);0;58;Иркутская область, Иркутский район, Маркова рабочий поселок, Березовый микрорайон, д.75;4;50;;2;7108459;mrk       ;91802555;19
9248105;296;Офис в с. Александровское (Бохан);Офис в с. Александровское (Бохан);1;;Иркутская обл.;1;;;2;6664316;;2;
9256833;451;Офис в р.п. Алексеевск (Киренск);Офис в р.п. Алексеевск (Отдел по обслуживанию заявителей в г. Киренске);0;;Иркутская область, Киренский район, Алексеевск рабочий поселок, Чапаева улица, д.65;1;;;2;10261060;;91793376;
9263018;611;Офис в р.п. Белореченский (Усолье-Сибирское);Офис в р.п. Белореченский (Отдел по обслуживанию заявителей в г. Усолье-Сибирское);0;;Иркутская область, Усольский район, Белореченский рабочий поселок, д.100В;1;;;2;8433794;;91802555;
9268179;612;Офис в р.п. Мишелевка (Усолье-Сибирское);Офис в р.п. Мишелевка (Отдел по обслуживанию заявителей в г. Усолье-Сибирское);0;;Иркутская область, Усольский район, Мишелевка рабочий поселок, Титова улица, д.1А;2;;;2;8433794;;91802555;
9274802;613;Офис в р.п. Средний (Усолье-Сибирское);Офис в р.п. Средний (Отдел по обслуживанию заявителей в г. Усолье-Сибирское);0;;Иркутская область, Усольский район, Средний рабочий поселок, Степная 3-я улица, д.1А;2;;;2;8433794;;91802555;
9275931;614;Офис в р.п. Тайтурка (Усолье-Сибирское);Офис в р.п. Тайтурка (Отдел по обслуживанию заявителей в г. Усолье-Сибирское);0;;Иркутская область, Усольский район, Тайтурка рабочий поселок, Пеньковского улица, д.8;2;;;2;8433794;;91802555;
9278717;615;Офис в п. Тельма (Усолье-Сибирское);Офис в п. Тельма (Отдел по обслуживанию заявителей в г. Усолье-Сибирское);0;;Иркутская область, Усольский район, Тельма рабочий поселок, Крупской улица, д.11;1;;;2;8433794;;91802555;
9520771;616;Офис в с. Большая Елань (Усолье-Сибирское);Офис в с. Большая Елань (Отдел по обслуживанию заявителей в г. Усолье-Сибирское);0;;Иркутская область, Усольский район, Большая Елань село, Победы улица, д.2;1;;;2;8433794;;91802555;
9527793;617;Офис в п. Железнодорожный (Усолье-Сибирское);Офис в п. Железнодорожный  (Отдел по обслуживанию заявителей в г. Усолье-Сибирское);0;;Иркутская область, Усольский район, Железнодорожный поселок, Комсомольская улица, д.28а;1;;;2;8433794;;91802555;
9529078;618;Офис в с. Мальта (Усолье-Сибирское);Офис в с. Мальта (Отдел по обслуживанию заявителей в г. Усолье-Сибирское);1;;Усольский район, с. Мальта, ул. Школьная, 21 А;1;;;2;8433794;;2;
9530267;601;Офис в с. Будагово (Тулун);Офис в с. Будагово (Отдел по обслуживанию заявителей в г. Тулуне);0;;Иркутская область, Тулунский район, Будагово село, Заводская улица, д.8А;1;;;2;10251121;;91802555;
9533244;602;Офис в с. Гадалей (Тулун);Офис в с. Гадалей (Отдел по обслуживанию заявителей в г. Тулуне);0;;Иркутская область, Тулунский район, Гадалей село, Сорокина улица, д.54;1;;;2;10251121;;91802555;
9533790;603;Офис в с. Гуран (Тулун);Офис в с. Гуран  (Отдел по обслуживанию заявителей в г. Тулуне);0;;Иркутская область, Тулунский район, Гуран село, Бурлова улица, д.36;1;;;2;10251121;;91802555;
9534269;604;Офис в с. Бадар (Тулун);Офис в с. Бадар (Отдел по обслуживанию заявителей в г. Тулуне);0;;Иркутская область, Тулунский район, Бадар село, Перфиловская улица, д.1;1;;;2;10251121;;91802555;
9534867;605;Офис в с. Икей (Тулун);Офис в с. Икей  (Отдел по обслуживанию заявителей в г. Тулуне);0;;Иркутская область, Тулунский район, Икей село, Коммуны улица, д.126;1;;;2;10251121;;91802555;
9535254;606;Офис в с. Котик (Тулун);Офис в с. Котик  (Отдел по обслуживанию заявителей в г. Тулуне);0;;Иркутская область, Тулунский район, Котик село, Центральная улица, д.1А;1;;;2;10251121;;91802555;
9535606;607;Офис в с. Шерагул (Тулун);Офис в с. Шерагул (Отдел по обслуживанию заявителей в г. Тулуне);0;;Иркутская область, Тулунский район, Шерагул село, Ленина улица, д.84;1;;;2;10251121;;91802555;
9537146;511;Офис в г. Алзамай (Нижнеудинск);Офис в г. Алзамай (Отдел по обслуживанию заявителей в г. Нижнеудинске);0;;Иркутская область, Нижнеудинский район, Алзамай город, Первомайская улица, д.119;2;;;2;10260289;;91802555;
9537228;512;Офис в п. Атагай (Нижнеудинск);Офис в п. Атагай (Отдел по обслуживанию заявителей в г. Нижнеудинске);0;;Иркутская область, Нижнеудинский район, Атагай рабочий поселок, Победы улица, д.4;1;;;2;10260289;;91802555;
9540750;513;Офис в р.п. Ук (Нижнеудинск);Офис в р.п. Ук (Отдел по обслуживанию заявителей в г. Нижнеудинске);0;;Иркутская область, Нижнеудинский район, Ук рабочий поселок, Кимильтейская улица, д.3А;1;;;2;10260289;;91802555;
9541163;514;Офис в р.п. Шумский (Нижнеудинск);Офис в р.п. Шумский (Отдел по обслуживанию заявителей в г. Нижнеудинске);0;;Иркутская область, Нижнеудинский район, Шумский рабочий поселок, Заозерная улица, д.2;1;;;2;10260289;;91802555;
9542116;515;Офис в п. Замзор (Нижнеудинск);Офис в п. Замзор (Отдел по обслуживанию заявителей в г. Нижнеудинске);0;;Иркутская область, Нижнеудинский район, Замзор поселок, Рабочая улица, д.5;1;;;2;10260289;;91802555;
9542730;516;Офис в п. Костино (Нижнеудинск);Офис в п. Костино (Отдел по обслуживанию заявителей в г. Нижнеудинске);0;;Иркутская область, Нижнеудинский район, Костино поселок, Новая улица, д.31;1;;;2;10260289;;91802555;
9543198;517;Офис в с. Худоеланское (Нижнеудинск);Офис в с. Худоеланское (Отдел по обслуживанию заявителей в г. Нижнеудинске);0;;Иркутская область, Нижнеудинский район, Худоеланское село, Московская улица, д.45А;1;;;2;10260289;;91802555;
9543748;518;Офис в с. Шеберта (Нижнеудинск);Офис в с. Шеберта (Отдел по обслуживанию заявителей в г. Нижнеудинске);0;;Иркутская область, Нижнеудинский район, Шеберта село, Трактовая улица, д.2;1;;;2;10260289;;91802555;
9812306;619;Офис в с. Новожилкино (Усолье-Сибирское);Офис в  с. Новожилкино (Отдел по обслуживанию заявителей в г. Усолье-Сибирское);0;;Иркутская область, Усольский район, Новожилкино село, Совхозная 1-я улица, д.13;1;;;2;8433794;;91802555;
9812348;6110;Офис в п. Новомальтинск (Усолье-Сибирское);Офис в п. Новомальтинск (Отдел по обслуживанию заявителей в г. Усолье-Сибирское);0;;Иркутская область, Усольский район, Новомальтинск поселок, 2-й квартал, д.1;1;;;2;8433794;;91802555;
9812399;6111;Офис в п. Раздолье (Усолье-Сибирское);Офис в п.Раздолье (Отдел по обслуживанию заявителей в г. Усолье-Сибирское);0;;Иркутская область, Усольский район, Раздолье поселок, Мира улица, д.27;1;;;2;8433794;;91802555;
9812501;6112;Офис в с. Сосновка (Усолье-Сибирское);Офис в с. Сосновка (Отдел по обслуживанию заявителей в г. Усолье-Сибирское);0;;Иркутская область, Усольский район, Сосновка село, Лесная улица, д.1А;1;;;2;8433794;;91802555;
9812545;6113;Офис в п. Тальяны (Усолье-Сибирское);Офис в п. Тальяны (Отдел по обслуживанию заявителей в г. Усолье-Сибирское);0;;Иркутская область, Усольский район, Тальяны поселок, Клубная улица, д.2;1;;;2;8433794;;91802555;
9906392;301;Отдел в г. Вихоревка;Отдел по обслуживанию заявителей в г. Вихоревка;0;31;Иркутская область, Братский район, Вихоревка город, Дзержинского улица, д.66Б;5;23;3;1;9906392;vih       ;91793376;50
10179007;028;Отдел в г. Бодайбо;Отдел по обслуживанию заявителей в г. Бодайбо;0;35;Иркутская область, Бодайбо город, Урицкого улица, д.15;5;27;5;1;10179007;bdb       ;91793376;44
10245301;057;Отдел в г. Свирске;Отдел по обслуживанию заявителей в г. Свирске;0;43;Иркутская область, Свирск город, Молодежная улица, д.1А;5;35;2;1;10245301;svr       ;91793376;25
10245921;035;Отдел в г. Железногорск-Илимский;Отдел по обслуживанию заявителей в г. Железногорск-Илимский;0;38;Иркутская область, Нижнеилимский район, Железногорск-Илимский город, Янгеля улица, д.12;6;30;3;1;10245921;zhl       ;91793376;53
10248782;063;Отдел в г. Усть-Куте;Отдел по обслуживанию заявителей в г. Усть-Куте;0;51;Иркутская область, Усть-Кут город, Хорошилова улица, д.2А;9;43;3;1;10248782;ukt       ;91802555;55
10250284;073;Отдел в г. Иркутске № 6 (Октябрьский);Отдел по обслуживанию заявителей в г. Иркутске № 6;0;32;Иркутская область, Иркутск город, Верхняя Набережная улица, д.10;10;24;1;1;10250284;irk6      ;91802555;16
10251121;060;Отдел в г. Тулуне;Отдел по обслуживанию заявителей в г. Тулуне;0;36;Иркутская область, Тулун город, Ленина улица, д.83;9;28;4;1;10251121;tul       ;91802555;33
10251566;025;Отдел в п. Балаганск;Отдел по обслуживанию заявителей в п. Балаганск;0;41;Иркутская область, Балаганский район, п. Балаганск, Кольцевая, д.61;3;33;4;1;10251566;bal       ;91793376;34
10258816;039;Отдел в г. Зиме;Отдел по обслуживанию заявителей в г. Зиме;0;40;Иркутская область, Зима город, Клименко улица, д.37;8;32;4;1;10258816;zim       ;91802555;35
10259743;059;Отдел в г. Тайшет;Отдел по обслуживанию заявителей в г. Тайшете;0;48;Иркутская область, Тайшет город, Гагарина улица, д.115А;8;40;4;1;10259743;tai       ;91802555;37
10260289;051;Отдел в г. Нижнеудинске;Отдел по обслуживанию заявителей в г. Нижнеудинске;0;33;Иркутская область, Нижнеудинск город, Октябрьская улица, д.1-2;9;25;4;1;10260289;nud       ;91802555;38
10260819;065;Отдел в р.п. Усть-Уда;Отдел по обслуживанию заявителей в р.п. Усть-Уда;0;39;Иркутская область, Усть-Удинский район, Усть-Уда рабочий поселок, 50 лет Октября улица, д.22А;3;31;6;1;10260819;uud       ;91793376;61
10261060;045;Отдел в г. Киренске;Отдел по обслуживанию заявителей в г. Киренске;0;34;Иркутская область, Киренский район, Киренск город, Центральный микрорайон, Красноармейская улица, д.2А;5;26;5;1;10261060;kir       ;91793376;45
12651504;053;Отдел в с. Оса;Отдел по обслуживанию заявителей в с. Оса;0;44;Иркутская область, Осинский район, Оса село, Чапаева улица, д.2В/2;4;36;6;1;12651504;osa       ;91793376;59
14591999;302;Офис ЦРБ 3 (Братск 1);Офис ЦРБ 3 (Братск 1);1;;Иркутская обл.;1;;;2;1015667;;2;
14853206;038;Отдел в п. Новонукутский;Отдел по обслуживанию заявителей в п. Новонукутский;0;46;Иркутская область, Нукутский район, Новонукутский поселок, Хангалова улица, д.2А;3;38;4;1;14853206;nnk       ;91793376;29
14853832;358;Офис в п. Березняки (Железногорск-Илимский);Офис в п. Березняки (Отдел по обслуживанию заявителей в г. Железногорск-Илимский);0;;Иркутская область, Нижнеилимский район, Березняки поселок, Янгеля улица, д.25;1;;;2;10245921;;91793376;
14855088;044;Отдел в р.п. Качуг;Отдел по обслуживанию заявителей в р. п. Качуг;0;55;Иркутская область, Качугский район, Качуг рабочий поселок, Победы улица, д.6;3;47;6;1;14855088;kch       ;91793376;64
14855231;046;Отдел в с. Ербогачен;Отдел по обслуживанию заявителей в с. Ербогачен;0;37;Иркутская область, Катангский район, Ербогачен село, Чкалова улица, д.11;3;29;5;1;14855231;erb       ;91793376;43
14857421;032;Отдел в г. Братске № 3 (Падунский);Отдел по обслуживанию заявителей в г. Братске №3;0;42;Иркутская область, Братск город, Энергетик жилой район, Юбилейная улица, д.15;22;34;3;1;14857421;brt3      ;91802555;49
14857798;074;Отдел в г. Иркутске № 7 (Свердловский);Отдел по обслуживанию заявителей в г. Иркутске № 7;0;45;Иркутская область, Иркутск город, Рябикова бульвар, д.22А;20;37;1;1;14857798;irk7      ;91802555;17
14858195;047;Отдел в с. Еланцы;Отдел по обслуживанию заявителей в с. Еланцы;0;53;Иркутская область, Ольхонский район, Еланцы село, Ленина улица, д.48;3;45;6;1;14858195;eln       ;91793376;62
14858746;048;Отдел в р.п. Чунский;Отдел по обслуживанию заявителей в р.п. Чунский;0;49;Иркутская область, Чунский район, Чунский рабочий поселок, Свердлова улица, д.12;6;41;3;1;14858746;chn       ;91793376;51
14868990;043;Отдел в п. Жигалово;Отдел по обслуживанию заявителей в п. Жигалово;0;54;Иркутская область, Жигаловский район, Жигалово рабочий поселок, Партизанская улица, д.71;4;46;6;1;14868990;zhg       ;91793376;63
15220834;381;Офис в с. Новоленино (Новонукутский);Офис в с. Новоленино (Отдел по обслуживанию заявителей в п. Новонукутский);0;;Иркутская область, Нукутский район, Новоленино поселок, Школьный переулок, д.6;1;;;2;14853206;;91793376;
15220970;382;Офис в с. Хадахан (Новонукутский);Офис в с. Хадахан (Отдел по обслуживанию заявителей в п. Новонукутский);0;;Иркутская область, Нукутский район, Хадахан село, Административная улица, д.2;1;;;2;14853206;;91793376;
15221158;471;Офис в п. Хужир (Еланцы);Офис в п. Хужир (Отдел по обслуживанию заявителей в с. Еланцы);0;;Иркутская область, Ольхонский район, Хужир поселок, Байкальская улица, д.12;1;;;2;14858195;;91793376;
15221237;472;Офис в п. Бугульдейка (Еланцы);Офис в п. Бугульдейка (Отдел по обслуживанию заявителей в с. Еланцы);0;;Иркутская область, Ольхонский район, Бугульдейка поселок, Больничный переулок, д.7;1;;;2;14858195;;91793376;
15221341;531;Офис в с. Бильчир (Оса);Офис в с. Бильчир (Отдел по обслуживанию заявителей в с. Оса);0;;Иркутская область, Осинский район, Бильчир село, Ленина улица, д.24;1;;;2;12651504;;91793376;
15221420;532;Офис в с. Ново-Ленино (Оса);Офис в с. Ново-Ленино (Отдел по обслуживанию заявителей в с. Оса);0;;Иркутская область, Осинский район, Ново-Ленино село, Ленина улица, д.1;1;;;2;12651504;;91793376;
15221575;533;Офис в с. Обуса (Оса);Офис в с. Обуса (Отдел по обслуживанию заявителей в с. Оса);0;;Иркутская область, Осинский район, Обуса село, 11 Комсомольцев улица, д.6;1;;;2;12651504;;91793376;
15221735;534;Офис в п. Приморский (Оса);Офис в п. Приморский (Отдел по обслуживанию заявителей в с. Оса);0;;Иркутская область, Осинский район, Приморский поселок, Гагарина улица, д.25А;1;;;2;12651504;;91793376;
15221878;535;Офис в с. Усть-Алтан (Оса);Офис в с. Усть-Алтан (Отдел по обслуживанию заявителей в с. Оса);0;;Иркутская область, Осинский район, Усть-Алтан село, Школьная улица, д.21;1;;;2;12651504;;91793376;
15222036;251;Офис в с. Кумарейка (Балаганск);Офис в с. Кумарейка (Отдел по обслуживанию заявителей в п. Балаганск);0;;Иркутская область, Балаганский район, Кумарейка село, Первомайская улица, д.2;1;;;2;10251566;;91793376;
15222606;608;Офис в д. Афанасьева (Тулун);Офис в д. Афанасьева (Отдел по обслуживанию заявителей в г. Тулуне);0;;Иркутская область, Тулунский район, Афанасьева деревня, Ленина улица, д.4А;1;;;2;10251121;;91802555;
15222795;609;Офис в с. Перфилово (Тулун);Офис в с. Перфилово (Отдел по обслуживанию заявителей в г. Тулуне);0;;Иркутская область, Тулунский район, Перфилово село, 50 лет Октября улица, д.39;1;;;2;10251121;;91802555;
15223151;6010;Офис в п. 4 отделение Государственной селекционной станции (Тулун);Офис в п. 4 отделение Государственной селекционной станции (Отдел по обслуживанию заявителей в г. Тулуне);1;;Тулунский район, п. 4 отделение Государственной селекционной станции, ул. Мичурина, 36;1;;;2;10251121;;2;
15223460;6011;Офис в с. Алгатуй (Тулун);Офис в с. Алгатуй (Отдел по обслуживанию заявителей в г. Тулуне);0;;Иркутская область, Тулунский район, Алгатуй село, Солнечная улица, д.16;1;;;2;10251121;;91802555;
15223589;481;Офис в р.п. Лесогорск (Чунский);Офис в р.п. Лесогорск (Отдел по обслуживанию заявителей в р.п. Чунский);0;;Иркутская область, Чунский район, Лесогорск рабочий поселок, Комсомольская улица, д.5;1;;;2;14858746;;91793376;
15223807;482;Офис в пос. Октябрьский (Чунский);Офис в пос. Октябрьский (Отдел по обслуживанию заявителей в р.п. Чунский);0;;Иркутская область, Чунский район, Октябрьский рабочий поселок, Октябрьская улица, д.39;1;;;2;14858746;;91793376;
15223963;483;Офис в п. Новочунка (Чунский);Офис в п. Новочунка (Отдел по обслуживанию заявителей в р.п. Чунский);1;;Чунский район, п. Новочунка, ул. Толстого, д.15;1;;;2;14858746;;2;
15224350;591;Офис в г. Бирюсинск (Тайшет);Офис в г. Бирюсинск (Отдел по обслуживанию заявителей в г. Тайшет);0;;Иркутская область, Тайшетский район, Бирюсинск город, Горького улица, д.1/36;2;;;2;10259743;;112362405;
15224683;592;Офис в р.п. Квиток (Тайшет);Офис в р.п. Квиток (Отдел по обслуживанию заявителей в г. Тайшет);0;;Иркутская область, Тайшетский район, Квиток рабочий поселок, Октябрьская улица, д.10;1;;;2;10259743;;91802555;
15224858;593;Офис в р.п. Юрты (Тайшет);Офис в р.п. Юрты (Отдел по обслуживанию заявителей в г. Тайшет);0;;Иркутская область, Тайшетский район, Юрты рабочий поселок, Дружбы улица, д.6;2;;;2;10259743;;91802555;
15225044;594;Офис в р.п. Новобирюсинский (Тайшет);Офис в р.п. Новобирюсинский (Отдел по обслуживанию заявителей в г. Тайшет);0;;Иркутская область, Тайшетский район, Новобирюсинский рабочий поселок, Ленина улица, д.22;1;;;2;10259743;;91802555;
15225776;595;Офис в р.п. Шиткино (Тайшет);Офис в р.п. Шиткино (Отдел по обслуживанию заявителей в г. Тайшет);0;;Иркутская область, Тайшетский район, Шиткино рабочий поселок, Кирова улица, д.26;1;;;2;10259743;;91802555;
15226166;596;Офис в с. Березовка (Тайшет);Офис в с. Березовка (Отдел по обслуживанию заявителей в г. Тайшет);0;;Иркутская область, Тайшетский район, Березовка село, 40 лет Победы улица, д.19;1;;;2;10259743;;91802555;
15226745;597;Офис в с. Джогино (Тайшет);Офис в с. Джогино (Отдел по обслуживанию заявителей в г. Тайшет);0;;Иркутская область, Тайшетский район, Джогино село, Больничная улица, д.8;1;;;2;10259743;;91802555;
15227952;598;Офис в с. Николаевка (Тайшет);Офис в с. Николаевка (Отдел по обслуживанию заявителей в г. Тайшет);0;;Иркутская область, Тайшетский район, Николаевка село, Первомайская улица, д.14;1;;;2;10259743;;91802555;
15228190;599;Офис в п. Соляная (Тайшет);Офис в п. Соляная (Отдел по обслуживанию заявителей в г. Тайшет);0;;Иркутская область, Тайшетский район, Соляная поселок, Береговая улица, д.3;1;;;2;10259743;;91802555;
15228370;5910;Офис в с. Шелехово (Тайшет);Офис в с. Шелехово (Отдел по обслуживанию заявителей в г. Тайшет);0;;Иркутская область, Тайшетский район, Шелехово село, Почтовая улица, д.1;1;;;2;10259743;;91802555;
15228652;5911;Офис в п. ж/д ст Тамтачет(Тайшет);Офис в п. ж/д ст Тамтачет (Отдел по обслуживанию заявителей в г. Тайшет);0;;Иркутская область, Тайшетский район, Тамтачет поселок и(при) станция(и), Гайнулина улица, д.1А;1;;;2;10259743;;91802555;
15229176;351;Офис в р.п. Видим (Железногорск-Илимский);Офис в р.п. Видим (Отдел по обслуживанию заявителей в г. Железногорск-Илимский);0;;Иркутская область, Нижнеилимский район, Видим рабочий поселок, Нагорная улица, д.1А;1;;;2;10245921;;91793376;
15229407;352;Офис в р.п. Новая Игирма (Железногорск-Илимский);Офис в р.п. Новая Игирма (Отдел по обслуживанию заявителей в г. Железногорск-Илимский);0;;Иркутская область, Нижнеилимский район, Новая Игирма рабочий поселок, 3-й квартал, д.31;2;;;2;10245921;;91793376;
15229673;353;Офис в р.п. Радищев (Железногорск-Илимский);Офис в р.п. Радищев (Отдел по обслуживанию заявителей в г. Железногорск-Илимский);0;;Иркутская область, Нижнеилимский район, Радищев рабочий поселок, д.2;1;;;2;10245921;;91793376;
15229924;354;Офис в р.п. Рудногорск (Железногорск-Илимский);Офис в р.п. Рудногорск (Отдел по обслуживанию заявителей в г. Железногорск-Илимский);0;;Иркутская область, Нижнеилимский район, Рудногорск рабочий поселок, Первомайская улица, д.6А;1;;;2;10245921;;91793376;
15231672;355;Офис в р.п. Хребтовая (Железногорск-Илимский);Офис в р.п. Хребтовая (Отдел по обслуживанию заявителей в г. Железногорск-Илимский);0;;Иркутская область, Нижнеилимский район, Хребтовая рабочий поселок, Калинина улица, д.1;1;;;2;10245921;;91793376;
15232102;356;Офис в р.п. Шестаково (Железногорск-Илимский);Офис в р.п. Шестаково (Отдел по обслуживанию заявителей в г. Железногорск-Илимский);0;;Иркутская область, Нижнеилимский район, Шестаково рабочий поселок, Ленина улица, д.20А;1;;;2;10245921;;91793376;
15232319;357;Офис в р.п. Янгель (Железногорск-Илимский);Офис в р.п. Янгель (Отдел по обслуживанию заявителей в г. Железногорск-Илимский);0;;Иркутская область, Нижнеилимский район, Янгель рабочий поселок, Космонавтов микрорайон, д.9А;1;;;2;10245921;;91793376;
15232614;631;Офис в пос. Янталь (Усть-Кут);Офис в пос. Янталь (Отдел по обслуживанию заявителей в г. Усть-Куте);0;;Иркутская область, Усть-Кутский район, Янталь рабочий поселок, Еловая улица, д.13;1;;;2;10248782;;91802555;
15233035;632;Офис в п. Ручей (Усть-Кут);Офис в п. Ручей (Отдел по обслуживанию заявителей в г. Усть-Куте);0;;Иркутская область, Усть-Кутский район, Ручей поселок, Школьная улица, д.3;1;;;2;10248782;;91802555;
15233320;633;Офис в п. Верхнемарково (Усть-Кут);Офис в п. Верхнемарково (Отдел по обслуживанию заявителей в г. Усть-Куте);0;;Иркутская область, Усть-Кутский район, Верхнемарково поселок, 40 лет Победы улица, д.47;1;;;2;10248782;;91802555;
15233522;634;Офис в п. Ния (Усть-Кут);Офис в п. Ния (Отдел по обслуживанию заявителей в г. Усть-Куте);0;;Иркутская область, Усть-Кутский район, Ния поселок, Тбилисская улица, д.5;1;;;2;10248782;;91802555;
15233836;651;Офис в с. Молька (Усть-Удинский);Офис в с. Молька (Отдел по обслуживанию заявителей в р.п. Усть-Уда);0;;Иркутская область, Усть-Удинский район, Молька село, Радищева улица, д.25;1;;;2;10260819;;91793376;
15234181;652;Офис в с. Новая Уда (Усть-Удинский);Офис в с. Новая Уда (Отдел по обслуживанию заявителей в р.п. Усть-Уда);0;;Иркутская область, Усть-Удинский район, Новая Уда село, Юбилейная улица, д.1;1;;;2;10260819;;91793376;
16173768;383;Офис в с. Тангуты (Новонукутский);Офис в с. Тангуты (Отдел по обслуживанию заявителей в п. Новонукутский);1;;Нукутский район, с. Тангуты, ул. Нагорная, 7;1;;;2;14853206;;2;
16175043;441;Офис в с. Манзурка (Качуг);Офис в с. Манзурка (Отдел по обслуживанию заявителей в р.п. Качуг);0;;Иркутская область, Качугский район, Манзурка село, Трактовая улица, д.76;1;;;2;14855088;;91793376;
16175554;442;Офис в с. Харбатово (Качуг);Офис в с. Харбатово (Отдел по обслуживанию заявителей в р.п. Качуг);1;;Качугский район, с. Харбатово, ул. Совхозная, 14;1;;;2;14855088;;2;
19136693;033;Отдел в п. Кутулик;Отдел по обслуживанию заявителей в п. Кутулик;0;52;Иркутская область, Аларский район, Кутулик поселок, Советская улица, д.50А;4;44;2;1;19136693;kut       ;91793376;26
19144434;034;Отдел в р.п. Куйтун;Отдел по обслуживанию заявителей в р.п. Куйтун;0;47;Иркутская область, Куйтунский район, Куйтун рабочий поселок, Красного Октября улица, д.18;3;39;4;1;19144434;ktn       ;91793376;36
19146184;068;Отдел в р.п. Магистральный;Отдел по обслуживанию заявителей в р. п. Магистральный;0;50;Иркутская область, Казачинско-Ленский район, Магистральный рабочий поселок, 17 Съезда ВЛКСМ улица, д.70;3;42;3;1;19146184;mag       ;91793376;54
19499622;681;Офис в с. Казачинское (Магистральный);Офис в с. Казачинское (Отдел по обслуживанию заявителей в р.п. Магистральный);0;;Иркутская область, Казачинско-Ленский район, Казачинское село, Советская улица, д.4;1;;;2;19146184;;91793376;
19500792;682;Офис в р.п. Улькан (Магистральный);Офис в р.п. Улькан (Отдел по обслуживанию заявителей в р.п. Магистральный);0;;Иркутская область, Казачинско-Ленский район, Улькан рабочий поселок, Машурова улица, д.7;1;;;2;19146184;;91793376;
19503292;341;Офис в с. Барлук (Куйтун);Офис в с. Барлук (Отдел по обслуживанию заявителей в р.п. Куйтун);0;;Иркутская область, Куйтунский район, Барлук село, Ленина улица, д.29А;1;;;2;19144434;;91793376;
19504482;342;Офис в с. Каразей (Куйтун);Офис в с. Каразей (Отдел по обслуживанию заявителей в р.п. Куйтун);0;;Иркутская область, Куйтунский район, Каразей село, Мира улица, д.58;1;;;2;19144434;;91793376;
19505419;343;Офис в с. Карымск (Куйтун);Офис в с. Карымск (Отдел по обслуживанию заявителей в р.п. Куйтун);0;;Иркутская область, Куйтунский район, Карымск село, Набережная улица, д.6;1;;;2;19144434;;91793376;
19506190;344;Офис в с. Тулюшка (Куйтун);Офис в с. Тулюшка (Отдел по обслуживанию заявителей в р.п. Куйтун);0;;Иркутская область, Куйтунский район, Тулюшка поселок и(при) станция(и), Мира улица, д.11;1;;;2;19144434;;91793376;
19506722;345;Офис в с. Уян (Куйтун);Офис в с. Уян (Отдел по обслуживанию заявителей в р.п. Куйтун);0;;Иркутская область, Куйтунский район, Уян село, 1-я Советская улица, д.6;1;;;2;19144434;;91793376;
19507537;331;Офис в с. Аларь (Кутулик);Офис в с. Аларь (Отдел по обслуживанию заявителей в п. Кутулик);0;;Иркутская область, Аларский район, Аларь село, Советская улица, д.43;1;;;2;19136693;;91793376;
19508483;332;Офис в п. Забитуй (Кутулик);Офис в п. Забитуй (Отдел по обслуживанию заявителей в п. Кутулик);0;;Иркутская область, Аларский район, Забитуй поселок, 70 лет Октября улица, д.24;1;;;2;19136693;;91793376;
19509162;333;Офис в с. Иваническое (Кутулик);Офис в с. Иваническое (Отдел по обслуживанию заявителей в п. Кутулик);0;;Иркутская область, Аларский район, Иваническое село, Юбилейная улица, д.7;1;;;2;19136693;;91793376;
45912870;519;Выездное обслуживание в с. Катарбей (Нижнеудинск);Выездное обслуживание в с. Катарбей (Отдел по обслуживанию заявителей в г. Нижнеудинске);0;;Иркутская область, Нижнеудинский район, Катарбей село, Советская улица, д.84;1;;;2;10260289;;91802555;
83753317;076;Отдел в г. Иркутске № 9  (закрыт);Отдел по обслуживанию заявителей в г. Иркутске №9;1;;г. Иркутск. проезд Ербанова д. 6;6;;1;1;83753317;irk9      ;2;
84443014;075;Отдел в г. Иркутске № 8 ;Отдел по обслуживанию заявителей в г. Иркутске № 8;0;57;Иркутская область, Иркутск город, Советская улица, д.58;25;49;1;1;84443014;irk8      ;91802555;5
116864858;520;Офис в с. Алыгджер (Нижнеудинск);Офис в с. Алыгджер (Отдел по обслуживанию заявителей в г. Нижнеудинске);0;;Иркутская область, Нижнеудинский район, Алыгджер село, Советская улица, д.2;1;;;2;10260289;;112362405;
116869600;521;Офис в с. Верхняя Гутара (Нижнеудинск);Офис в с. Верхняя Гутара (Отдел по обслуживанию заявителей в г. Нижнеудинске);0;;Иркутская область, Нижнеудинский район, Верхняя Гутара село, Центральная улица, д.11;1;;;2;10260289;;112362405;
123596219;001;Контакт-центр;Контакт-центр;0;;Иркутская область, Иркутск город, Трактовая улица, д.35;;;;;;;2;
131419980;334;Офис  в с. Аляты (Кутулик);Офис в с. Аляты (Отдел по обслуживанию заявителей в п. Кутулик);0;;Иркутская область, Аларский район, Аляты село, Ж.Зимина улица, д.1;1;;;2;19136693;;112362405;
131423773;359;Офис в п. Речушка (Железногорск-Илимский);Офис в п. Речушка (Отдел по обслуживанию заявителей в г. Железногорск-Илимский);0;;Иркутская область, Нижнеилимский район, Речушка поселок, Пионерская улица, д.19;1;;;2;10245921;;112362405;
156281961;403;ТОСП в г. Иркутск (Иркутск № 6);ТОСП в г. Иркутск (Отдел по обслуживанию заявителей в г. Иркутске 6);0;;Иркутская область, Иркутск город, 5-й Армии улица, д.2/1;1;;;2;10250284;;91793376;
168886009;6114;ТОСП в г. Усолье-Сибирское (Усолье-Сибирское);ТОСП для обслуживания субъектов малого и среднего бизнеса в г. Усолье-Сибирское (Отдел по обслуживанию заявителей в г. Усолье-Сибирское);0;;Иркутская область, Усолье-Сибирское город, Орджоникидзе улица, д.31а;1;;;2;8433794;;112362405;
180669941;443;Выездное обслуживание в с. Бирюлька (Качуг);Выездное обслуживание в с. Бирюлька (Отдел по обслуживанию заявителей в р.п. Качуг);0;;Иркутская область, Качугский район, Бирюлька село, Ленина улица, д.41;1;;;2;14855088;;112362405;
223567332;6012;Офис в с. Едогон (Тулун);Офис в с. Едогон (Тулун) (Отдел по обслуживанию заявителей в г. Тулуне);0;;Иркутская область, Тулунский район, с. Едагон, Ленина, д.66;1;;;2;10251121;;112362405;
223783662;645;Офис в с. Харат (Усть-Ордынский);Офис в с. Харат (Отдел по обслуживанию заявителей в п. Усть-Ордынский);0;;Иркутская область, Эхирит-Булагатский район, с. Харат, Ленина, д.24;1;;;2;869529;;112362405;
288545464;077;Отдел в г. Иркутске № 9;Отдел по обслуживанию заявителей в г. Иркутске № 9;0;59;Иркутская область, Иркутск город, Рабочая улица, д.2А;10;51;1;1;288545464;irk9      ;112362405;10
289899524;320;Офис в ж.р. Гидростроитель (Братск 3);Офис в ж.р. Гидростроитель (Отдел по обслуживанию заявителей в г. Братске № 3);0;;Иркутская область, Братск город, Гидростроитель жилой район, Вокзальная улица, д.2А;1;;;2;14857421;;112362405;
